epochs,time,model
20,123.77337884902954,1
20,124.83718276023865,2
20,120.10587859153748,3
20,127.1615719795227,4
10,66.3547134399414,extra
55,351.6449763774872,extra
20,129.9953351020813,extra
